id;created_at;updated_at;operacao;dv;proposta;anoProposta;convenio;anoOrcamentario;gigovId;gigovNome;proponente;uf;gestor;enquadramentoLegislacao;enquadramentoLegislacaoComplemento;situacaoContrato;situacaoContratoComplemento;percentualFisicoAferido;percentualFinanceiroDesbloqueado;dataVigencia;dataSPA;dataVRPL;dataAIO;valorRepasse;objeto
152;2020-03-06 19:03:42.717;;1063071;15;607562018;2018;882169;2018;7142;GIGOV/TE;MUNICIPIO DE VARZEA BRANCA;PI;MINISTERIO DO DESENVOLVIMENTO REGIONAL;PI nº 424/2016;Nível I – Obras e serviços de engenharia (Regime Simplificado);CONTRATADA;SUSPENSIVA;0;0;2021-12-31 11:31:12.000;;;;365714.29;pavimentação de vias públicas no município de várzea branca - pi
161;2020-03-06 19:03:42.717;;1063080;4;617972018;2018;879628;2018;7142;GIGOV/TE;MUNICIPIO DE CURRAL NOVO DO PIAUI;PI;MINISTERIO DA CIDADANIA;PI nº 424/2016;Nível I – Obras e serviços de engenharia (Regime Simplificado);CONTRATADA;SUSPENSIVA;0;0;2021-12-27 11:31:12.000;2019-12-19 11:31:12.000;;;318095.24;construção de campo de futebol no município de curral novo do piauí-pi.
5658;2020-03-06 19:03:42.717;;1057034;56;393652018;2018;876584;2018;7142;GIGOV/TE;MUNICIPIO DE CURIMATA;PI;MINISTERIO DO DESENVOLVIMENTO REGIONAL;PI nº 424/2016;Nível I – Obras e serviços de engenharia (Regime Simplificado);CONTRATADA;SUSPENSIVA;0;0;2021-11-12 11:31:12.000;;;;460952.38;pavimentação de vias públicas no município de curimatá-pi.
5663;2020-03-06 19:03:42.717;;1057039;63;394782018;2018;876583;2018;7142;GIGOV/TE;MUNICIPIO DE CORRENTE;PI;MINISTERIO DO DESENVOLVIMENTO REGIONAL;PI nº 424/2016;Nível I – Obras e serviços de engenharia (Regime Simplificado);CONTRATADA;;0;0;2021-12-26 11:31:12.000;;2020-02-07 11:31:12.000;;460952.38;pavimentação de vias públicas no município de corrente-pi.
5666;2020-03-06 19:03:42.717;;1057042;29;395312018;2018;876596;2018;7142;GIGOV/TE;MUNICIPIO DE LAGOA DO PIAUI;PI;MINISTERIO DO DESENVOLVIMENTO REGIONAL;PI nº 424/2016;Nível I – Obras e serviços de engenharia (Regime Simplificado);CONTRATADA;SUSPENSIVA;0;0;2021-12-28 11:31:12.000;;;;222857.14;pavimentação de vias no município de lagoa do piauí - pi
5668;2020-03-06 19:03:42.717;;1057044;60;395532018;2018;876613;2018;7142;GIGOV/TE;MUNICIPIO DE SAO JOSE DO DIVINO;PI;MINISTERIO DO DESENVOLVIMENTO REGIONAL;PI nº 424/2016;Nível I – Obras e serviços de engenharia (Regime Simplificado);CONTRATADA;;100;0;2021-11-23 11:31:12.000;2019-01-25 11:31:12.000;2019-11-26 11:31:12.000;2020-02-04 11:31:12.000;222857.14;pavimentação de vias públicas no município de são josé do divino  pi.
5669;2020-03-06 19:03:42.717;;1057045;97;395662018;2018;870412;2018;7142;GIGOV/TE;MUNICIPIO DE DOM INOCENCIO;PI;MINISTERIO DO DESENVOLVIMENTO REGIONAL;PI nº 424/2016;Nível I – Obras e serviços de engenharia (Regime Simplificado);CONTRATADA;;100;99.05;2021-11-12 11:31:12.000;2019-07-29 11:31:12.000;2019-09-23 11:31:12.000;2019-12-26 11:31:12.000;460952.38;pavimentação de vias públicas no município de dom inocêncio  pi
5670;2020-03-06 19:03:42.717;;1057046;11;395692018;2018;870830;2018;7142;GIGOV/TE;MUNICIPIO DE SANTA CRUZ DOS MILAGRES;PI;MINISTERIO DO DESENVOLVIMENTO REGIONAL;PI nº 424/2016;Nível II – Obras serviços de engenharia;CONTRATADA;;0;0;2021-12-28 11:31:12.000;;;;911877.39;melhoria na infraestrutura do entorno do santuário de santa cruz dos milagres - pi
5672;2020-03-06 19:03:42.717;;1057048;52;395992018;2018;880470;2018;7142;GIGOV/TE;MUNICIPIO DE SANTO INACIO DO PIAUI;PI;MINISTERIO DO DESENVOLVIMENTO REGIONAL;PI nº 424/2016;Nível I – Obras e serviços de engenharia (Regime Simplificado);CONTRATADA;;0;0;2021-12-12 11:31:12.000;2019-07-18 11:31:12.000;2020-01-16 11:31:12.000;;222857.14;pavimentação de vias públicas no município de santo inácio do piauí-pi.
5673;2020-03-06 19:03:42.717;;1057049;77;396022018;2018;870405;2018;7142;GIGOV/TE;MUNICIPIO DE AVELINO LOPES;PI;MINISTERIO DO DESENVOLVIMENTO REGIONAL;PI nº 424/2016;Nível I – Obras e serviços de engenharia (Regime Simplificado);CONTRATADA;;0;0;2021-11-16 11:31:12.000;;;;460952.38;pavimentação de vias públicas no município de avelino lopes - pi.
5674;2020-03-06 19:03:42.717;;1057050;95;396052018;2018;876589;2018;7142;GIGOV/TE;MUNICIPIO DE FRANCINOPOLIS;PI;MINISTERIO DO DESENVOLVIMENTO REGIONAL;PI nº 424/2016;Nível I – Obras e serviços de engenharia (Regime Simplificado);CONTRATADA;;0;0;2021-12-21 11:31:12.000;2019-08-16 11:31:12.000;;;460952.38;pavimentação de vias no município de francinópolis - pi
5675;2020-03-06 19:03:42.717;;1057051;19;396232018;2018;876578;2018;7142;GIGOV/TE;MUNICIPIO DE CASTELO DO PIAUI;PI;MINISTERIO DO DESENVOLVIMENTO REGIONAL;PI nº 424/2016;Nível I – Obras e serviços de engenharia (Regime Simplificado);CONTRATADA;;0;0;2021-12-28 11:31:12.000;2019-12-13 11:31:12.000;;;222857.14;construção de praça no município de castelo do piauí - pi.
5677;2020-03-06 19:03:42.717;;1057053;50;396412018;2018;876582;2018;7142;GIGOV/TE;MUNICIPIO DE COLONIA DO PIAUI;PI;MINISTERIO DO DESENVOLVIMENTO REGIONAL;PI nº 424/2016;Nível II – Obras serviços de engenharia;CONTRATADA;;0;0;2021-12-28 11:31:12.000;;;;911877.39;pavimentação de vias no município de colônia do piauí - pi
5678;2020-03-06 19:03:42.717;;1057054;75;396502018;2018;880443;2018;7142;GIGOV/TE;MUNICIPIO DE CARIDADE DO PIAUI;PI;MINISTERIO DO DESENVOLVIMENTO REGIONAL;PI nº 424/2016;Nível I – Obras e serviços de engenharia (Regime Simplificado);CONTRATADA;;63.19;20;2021-12-17 11:31:12.000;2019-10-23 11:31:12.000;2019-10-29 11:31:12.000;2019-12-31 11:31:12.000;222857.14;pavimentação de vias públicas no município de caridade do piauí - pi
5679;2020-03-06 19:03:42.717;;1057055;1;396692018;2018;870411;2018;7142;GIGOV/TE;MUNICIPIO DE ITAINOPOLIS;PI;MINISTERIO DO DESENVOLVIMENTO REGIONAL;PI nº 424/2016;Nível I – Obras e serviços de engenharia (Regime Simplificado);CONTRATADA;SUSPENSIVA;0;0;2021-12-28 11:31:12.000;;;;222857.14;pavimentação de vias no município de itainópolis - pi
5680;2020-03-06 19:03:42.717;;1057056;26;396742018;2018;880466;2018;7142;GIGOV/TE;MUNICIPIO DE CONCEICAO DO CANINDE;PI;MINISTERIO DO DESENVOLVIMENTO REGIONAL;PI nº 424/2016;Nível I – Obras e serviços de engenharia (Regime Simplificado);CONTRATADA;;0;0;2021-12-13 11:31:12.000;;;;460952.38;pavimentação de vias públicas no município de conceição do canindé-pi.
5681;2020-03-06 19:03:42.717;;1057057;41;396842018;2018;876577;2018;7142;GIGOV/TE;MUNICIPIO DE BATALHA;PI;MINISTERIO DO DESENVOLVIMENTO REGIONAL;PI nº 424/2016;Nível II – Obras serviços de engenharia;CONTRATADA;;0;0;2021-12-31 11:31:12.000;;2019-06-19 11:31:12.000;;911877.39;urbanização da praça do mercado (2ª etapa) no município de batalha-pi.
5682;2020-03-06 19:03:42.717;;1057058;67;396882018;2018;876601;2018;7142;GIGOV/TE;MUNICIPIO DE NOVO SANTO ANTONIO;PI;MINISTERIO DO DESENVOLVIMENTO REGIONAL;PI nº 424/2016;Nível I – Obras e serviços de engenharia (Regime Simplificado);CONTRATADA;;0;0;2021-12-28 11:31:12.000;2020-02-03 11:31:12.000;;;460952.38;pavimentação de vias no município de novo santo antônio
5683;2020-03-06 19:03:42.717;;1057059;82;396912018;2018;876602;2018;7142;GIGOV/TE;MUNICIPIO DE OEIRAS;PI;MINISTERIO DO DESENVOLVIMENTO REGIONAL;PI nº 424/2016;Nível II – Obras serviços de engenharia;CONTRATADA;;0;0;2021-12-28 11:31:12.000;2020-02-07 11:31:12.000;2020-02-06 11:31:12.000;2020-02-07 11:31:12.000;911877.39;pavimentação de vias públicas no município de oeiras - pi.
5684;2020-03-06 19:03:42.717;;1057060;8;396962018;2018;876590;2018;7142;GIGOV/TE;MUNICIPIO DE GEMINIANO;PI;MINISTERIO DO DESENVOLVIMENTO REGIONAL;PI nº 424/2016;Nível I – Obras e serviços de engenharia (Regime Simplificado);CONTRATADA;SUSPENSIVA;0;0;2021-11-22 11:31:12.000;;;;460952.38;pavimentação de vias públicas no município de geminiano - pi.
5685;2020-03-06 19:03:42.717;;1057061;23;397042018;2018;870406;2018;7142;GIGOV/TE;MUNICIPIO DE SANTO ANTONIO DE LISBOA;PI;MINISTERIO DO DESENVOLVIMENTO REGIONAL;PI nº 424/2016;Nível I – Obras e serviços de engenharia (Regime Simplificado);CONTRATADA;SUSPENSIVA;0;0;2021-11-23 11:31:12.000;;;;460952.38;construção de uma praça no município de santo antônio de lisboa - pi
5686;2020-03-06 19:03:42.717;;1057062;48;397082018;2018;870408;2018;7142;GIGOV/TE;MUNICIPIO DE PAULISTANA;PI;MINISTERIO DO DESENVOLVIMENTO REGIONAL;PI nº 424/2016;Nível I – Obras e serviços de engenharia (Regime Simplificado);CONTRATADA;;0;0;2021-12-13 11:31:12.000;2019-07-29 11:31:12.000;2019-03-11 11:31:12.000;;222857.14;pavimentação de vias no município de paulistana - pi
5688;2020-03-06 19:03:42.717;;1057064;89;397142018;2018;876612;2018;7142;GIGOV/TE;MUNICIPIO DE SAO JOAO DA VARJOTA;PI;MINISTERIO DO DESENVOLVIMENTO REGIONAL;PI nº 424/2016;Nível I – Obras e serviços de engenharia (Regime Simplificado);CONTRATADA;;0;0;2021-11-22 11:31:12.000;2019-11-27 11:31:12.000;;;460952.38;pavimentação de vias no município de são joão da varjota - pi.
5689;2020-03-06 19:03:42.717;;1057065;15;397432018;2018;876599;2018;7142;GIGOV/TE;MUNICIPIO DE MONTE ALEGRE DO PIAUI;PI;MINISTERIO DO DESENVOLVIMENTO REGIONAL;PI nº 424/2016;Nível I – Obras e serviços de engenharia (Regime Simplificado);CONTRATADA;SUSPENSIVA;0;0;2021-12-31 11:31:12.000;;;;222857.14;pavimentação de vias públicas no município de monte alegre do piauí-pi.
5695;2020-03-06 19:03:42.717;;1057071;37;397622018;2018;876591;2018;7142;GIGOV/TE;MUNICIPIO DE ILHA GRANDE;PI;MINISTERIO DO DESENVOLVIMENTO REGIONAL;PI nº 424/2016;Nível I – Obras e serviços de engenharia (Regime Simplificado);CONTRATADA;SUSPENSIVA;0;0;2021-12-28 11:31:12.000;;;;460952.38;construção de pavimentação poliédrica em vias públicas urbanas do município de ilha grande - piauí.
5698;2020-03-06 19:03:42.717;;1057074;93;397662018;2018;876593;2018;7142;GIGOV/TE;MUNICIPIO DE JOAO COSTA;PI;MINISTERIO DO DESENVOLVIMENTO REGIONAL;PI nº 424/2016;Nível I – Obras e serviços de engenharia (Regime Simplificado);CONTRATADA;;0;0;2021-11-26 11:31:12.000;;;;460952.38;pavimentação de vias publica no município de joão costa - pi
5699;2020-03-06 19:03:42.717;;1057075;29;397762018;2018;876581;2018;7142;GIGOV/TE;MUNICIPIO DE COLONIA DO GURGUEIA;PI;MINISTERIO DO DESENVOLVIMENTO REGIONAL;PI nº 424/2016;Nível I – Obras e serviços de engenharia (Regime Simplificado);CONTRATADA;SUSPENSIVA;0;0;2021-11-30 11:31:12.000;;;;222857.14;pavimentação de vias públicas no perímetro urbano do município de colônia do gurgueia-pi.
5701;2020-03-06 19:03:42.717;;1057077;60;397882018;2018;876585;2018;7142;GIGOV/TE;MUNICIPIO DE DEMERVAL LOBAO;PI;MINISTERIO DO DESENVOLVIMENTO REGIONAL;PI nº 424/2016;Nível I – Obras e serviços de engenharia (Regime Simplificado);CONTRATADA;SUSPENSIVA;0;0;2021-12-17 11:31:12.000;;;;460952.38;pavimentação de vias públicas no município de demerval lobão-pi.
5703;2020-03-06 19:03:42.717;;1057079;9;397952018;2018;876586;2018;7142;GIGOV/TE;MUNICIPIO DE ELESBAO VELOSO;PI;MINISTERIO DO DESENVOLVIMENTO REGIONAL;PI nº 424/2016;Nível I – Obras e serviços de engenharia (Regime Simplificado);CONTRATADA;;0;0;2020-05-01 11:31:12.000;2019-09-12 11:31:12.000;;;460952.38;pavimentação de vias públicas no município de elesbão veloso - pi.
5705;2020-03-06 19:03:42.717;;1057081;41;397982018;2018;870409;2018;7142;GIGOV/TE;MUNICIPIO DE PAQUETA;PI;MINISTERIO DO DESENVOLVIMENTO REGIONAL;PI nº 424/2016;Nível I – Obras e serviços de engenharia (Regime Simplificado);CONTRATADA;;80.57;60;2021-11-19 11:31:12.000;2019-06-07 11:31:12.000;2019-09-12 11:31:12.000;2019-11-21 11:31:12.000;222857.14;construção de calçadas com acessibilidade e pavimentação em paralelepípedo de vias públicas com sinalização viária na zona urbana do município de paquetá-pi.
5706;2020-03-06 19:03:42.717;;1057082;67;398012018;2018;876575;2018;7142;GIGOV/TE;MUNICIPIO DE AGRICOLANDIA;PI;MINISTERIO DO DESENVOLVIMENTO REGIONAL;PI nº 424/2016;Nível I – Obras e serviços de engenharia (Regime Simplificado);CONTRATADA;;0;0;2021-12-17 11:31:12.000;2020-02-12 11:31:12.000;;;460952.38;pavimentação de vias públicas no município de agricolândia - pi.
5707;2020-03-06 19:03:42.717;;1057083;82;398072018;2018;880458;2018;7142;GIGOV/TE;MUNICIPIO DE BAIXA GRANDE DO RIBEIRO;PI;MINISTERIO DO DESENVOLVIMENTO REGIONAL;PI nº 424/2016;Nível I – Obras e serviços de engenharia (Regime Simplificado);CONTRATADA;;0;0;2021-12-26 11:31:12.000;2019-07-02 11:31:12.000;;;222857.14;pavimentação de vias públicas no município de baixa grande do ribeiro - pi
5710;2020-03-06 19:03:42.717;;1057086;59;398232018;2018;880463;2018;7142;GIGOV/TE;MUNICIPIO DE AROAZES;PI;MINISTERIO DO DESENVOLVIMENTO REGIONAL;PI nº 424/2016;Nível I – Obras e serviços de engenharia (Regime Simplificado);CONTRATADA;SUSPENSIVA;0;0;2021-12-13 11:31:12.000;;;;222857.14;pavimentação de vias públicas no município de aroazes - pi.
5713;2020-03-06 19:03:42.717;;1057089;13;398302018;2018;876579;2018;7142;GIGOV/TE;MUNICIPIO DE CAXINGO;PI;MINISTERIO DO DESENVOLVIMENTO REGIONAL;PI nº 424/2016;Nível I – Obras e serviços de engenharia (Regime Simplificado);CONTRATADA;;0;0;2021-11-28 11:31:12.000;2019-05-20 11:31:12.000;2020-01-03 11:31:12.000;;222857.14;pavimentação de vias públicas no município de caxingó - pi
5714;2020-03-06 19:03:42.717;;1057090;30;398792018;2018;880452;2018;7142;GIGOV/TE;MUNICIPIO DE VILA NOVA DO PIAUI;PI;MINISTERIO DO DESENVOLVIMENTO REGIONAL;PI nº 424/2016;Nível I – Obras e serviços de engenharia (Regime Simplificado);CONTRATADA;;0;0;2021-12-19 11:31:12.000;2019-10-22 11:31:12.000;2019-10-21 11:31:12.000;;222857.14;pavimentação de vias públicas no município de vila nova do piauí - pi
5715;2020-03-06 19:03:42.717;;1057091;56;398882018;2018;876606;2018;7142;GIGOV/TE;MUNICIPIO DE PORTO ALEGRE DO PIAUI;PI;MINISTERIO DO DESENVOLVIMENTO REGIONAL;PI nº 424/2016;Nível I – Obras e serviços de engenharia (Regime Simplificado);CONTRATADA;;0;20;2021-11-08 11:31:12.000;2019-04-18 11:31:12.000;2019-07-23 11:31:12.000;2019-11-25 11:31:12.000;460952.38;pavimentação de vias públicas no município de porto alegre do piauí-pi.
5716;2020-03-06 19:03:42.717;;1057092;71;398892018;2018;876615;2018;7142;GIGOV/TE;MUNICIPIO DE VARZEA GRANDE;PI;MINISTERIO DO DESENVOLVIMENTO REGIONAL;PI nº 424/2016;Nível I – Obras e serviços de engenharia (Regime Simplificado);CONTRATADA;;0;0;2021-12-07 11:31:12.000;2019-08-16 11:31:12.000;;;222857.14;pavimentação de vias públicas no município de varzea grande - pi
5717;2020-03-06 19:03:42.717;;1057093;96;398982018;2018;876614;2018;7142;GIGOV/TE;MUNICIPIO DE TAMBORIL DO PIAUI;PI;MINISTERIO DO DESENVOLVIMENTO REGIONAL;PI nº 424/2016;Nível I – Obras e serviços de engenharia (Regime Simplificado);CONTRATADA;;0;0;2021-12-06 11:31:12.000;2019-07-29 11:31:12.000;2019-11-25 11:31:12.000;;222857.14;pavimentação de vias públicas no município de tamboril do piauí-pi.
5718;2020-03-06 19:03:42.717;;1057094;10;399072018;2018;876598;2018;7142;GIGOV/TE;MUNICIPIO DE MASSAPE DO PIAUI;PI;MINISTERIO DO DESENVOLVIMENTO REGIONAL;PI nº 424/2016;Nível I – Obras e serviços de engenharia (Regime Simplificado);CONTRATADA;;0;0;2021-11-20 11:31:12.000;;;;460952.38;pavimentação de vias públicas no município de massapê do piauí - pi.
5719;2020-03-06 19:03:42.717;;1057095;47;399092018;2018;876609;2018;7142;GIGOV/TE;MUNICIPIO DE SANTA CRUZ DO PIAUI;PI;MINISTERIO DO DESENVOLVIMENTO REGIONAL;PI nº 424/2016;Nível I – Obras e serviços de engenharia (Regime Simplificado);CONTRATADA;;0;0;2021-11-27 11:31:12.000;2019-10-11 11:31:12.000;2020-01-22 11:31:12.000;;222857.14;pavimentação de vias públicas no município de santa cruz do piauí pi.
5720;2020-03-06 19:03:42.717;;1057096;63;399192018;2018;876592;2018;7142;GIGOV/TE;MUNICIPIO DE JAICOS;PI;MINISTERIO DO DESENVOLVIMENTO REGIONAL;PI nº 424/2016;Nível I – Obras e serviços de engenharia (Regime Simplificado);CONTRATADA;;0;0;2021-11-30 11:31:12.000;;;;222857.14;pavimentação de vias públicas no município de jaicós - pi
5721;2020-03-06 19:03:42.717;;1057097;88;399222018;2018;876605;2018;7142;GIGOV/TE;MUNICIPIO DE PIMENTEIRAS;PI;MINISTERIO DO DESENVOLVIMENTO REGIONAL;PI nº 424/2016;Nível I – Obras e serviços de engenharia (Regime Simplificado);CONTRATADA;;0;19.17;2021-12-28 11:31:12.000;2019-02-21 11:31:12.000;2019-03-25 11:31:12.000;2019-08-14 11:31:12.000;222857.14;pavimentação de vias publicas no município de pimenteiras - pi
5722;2020-03-06 19:03:42.717;;1057098;2;399232018;2018;876611;2018;7142;GIGOV/TE;MUNICIPIO DE SAO FRANCISCO DO PIAUI;PI;MINISTERIO DO DESENVOLVIMENTO REGIONAL;PI nº 424/2016;Nível I – Obras e serviços de engenharia (Regime Simplificado);CONTRATADA;;0;0;2021-11-28 11:31:12.000;2019-04-08 11:31:12.000;2019-08-23 11:31:12.000;;460952.38;pavimentação de vias públicas no município de são francisco do piauí-pi.
5723;2020-03-06 19:03:42.717;;1057099;27;399252018;2018;876587;2018;7142;GIGOV/TE;MUNICIPIO DE FLORES DO PIAUI;PI;MINISTERIO DO DESENVOLVIMENTO REGIONAL;PI nº 424/2016;Nível I – Obras e serviços de engenharia (Regime Simplificado);CONTRATADA;;0;0;2021-12-10 11:31:12.000;;;;222857.14;pavimentação de vias públicas no município de flores do piauí - pi.
5728;2020-03-06 19:03:42.717;;1057104;48;399572018;2018;876588;2018;7142;GIGOV/TE;MUNICIPIO DE FLORESTA DO PIAUI;PI;MINISTERIO DO DESENVOLVIMENTO REGIONAL;PI nº 424/2016;Nível I – Obras e serviços de engenharia (Regime Simplificado);CONTRATADA;;0;0;2021-11-28 11:31:12.000;2019-04-11 11:31:12.000;2019-10-30 11:31:12.000;2019-12-31 11:31:12.000;222857.14;pavimentação de vias públicas no município de floresta do piauí-pi.
5729;2020-03-06 19:03:42.717;;1057105;76;399602018;2018;871894;2018;7142;GIGOV/TE;MUNICIPIO DE TERESINA;PI;MINISTERIO DO DESENVOLVIMENTO REGIONAL;PI nº 424/2016;Nível II – Obras serviços de engenharia;CONTRATADA;;0;0;2021-12-28 11:31:12.000;;;;848275.86;pavimentação asfáltica.
5731;2020-03-06 19:03:42.717;;1057107;15;399762018;2018;880461;2018;7142;GIGOV/TE;MUNICIPIO DE FLORIANO;PI;MINISTERIO DO DESENVOLVIMENTO REGIONAL;PI nº 424/2016;Nível II – Obras serviços de engenharia;CONTRATADA;;0;0;2021-12-06 11:31:12.000;;;;1869731.8;pavimentação de vias públicas no perímetro urbano do município de floriano  pi.
5733;2020-03-06 19:03:42.717;;1057109;56;399802018;2018;873246;2018;7142;GIGOV/TE;MUNICIPIO DE ANTONIO ALMEIDA;PI;MINISTERIO DO DESENVOLVIMENTO REGIONAL;PI nº 424/2016;Nível I – Obras e serviços de engenharia (Regime Simplificado);CONTRATADA;;0;0;2021-12-10 11:31:12.000;;;;222857.14;pavimentação de vias públicas no município de antônio almeida - pi
5734;2020-03-06 19:03:42.717;;1057110;73;399822018;2018;880448;2018;7142;GIGOV/TE;MUNICIPIO DE SEBASTIAO LEAL;PI;MINISTERIO DAS CIDADES;PI nº 424/2016;Nível I – Obras e serviços de engenharia (Regime Simplificado);EXTINTA;;0;0;;;;;222857.14;PAVIMENTAÇÃO DE VIAS NO MUNICÍPIO DE SEBASTIÃO LEAL- PI.
5736;2020-03-06 19:03:42.717;;1057112;12;399892018;2018;876616;2018;7142;GIGOV/TE;MUNICIPIO DE VERA MENDES;PI;MINISTERIO DO DESENVOLVIMENTO REGIONAL;PI nº 424/2016;Nível I – Obras e serviços de engenharia (Regime Simplificado);CONTRATADA;;0;0;2021-11-19 11:31:12.000;2019-08-13 11:31:12.000;2020-02-27 11:31:12.000;;222857.14;construção de calçadas com acessibilidade e pavimentação em paralelepípedo de vias públicas com sinalização viária no município de vera mendes-pi.
5737;2020-03-06 19:03:42.717;;1057113;37;399942018;2018;880434;2018;7142;GIGOV/TE;MUNICIPIO DE INHUMA;PI;MINISTERIO DO DESENVOLVIMENTO REGIONAL;PI nº 424/2016;Nível I – Obras e serviços de engenharia (Regime Simplificado);CONTRATADA;;0;0;2021-12-13 11:31:12.000;;;;222857.14;construção de praça pública no município de inhuma-pi.
5738;2020-03-06 19:03:42.717;;1057114;53;400122018;2018;876595;2018;7142;GIGOV/TE;MUNICIPIO DE LAGOA DO BARRO DO PIAUI;PI;MINISTERIO DO DESENVOLVIMENTO REGIONAL;PI nº 424/2016;Nível I – Obras e serviços de engenharia (Regime Simplificado);CONTRATADA;;0;0;2021-11-30 11:31:12.000;;;;222857.14;construção de praça pública no município de lagoa do barro do piauí-pi.
5740;2020-03-06 19:03:42.717;;1057116;4;400642018;2018;876608;2018;7142;GIGOV/TE;MUNICIPIO DE RIBEIRO GONCALVES;PI;MINISTERIO DO DESENVOLVIMENTO REGIONAL;PI nº 424/2016;Nível I – Obras e serviços de engenharia (Regime Simplificado);CONTRATADA;;0;0;2021-12-27 11:31:12.000;;;;222857.14;construção de 01 (uma) pista de cooper com calçada, no município de ribeiro gonçalves.
5742;2020-03-06 19:03:42.717;;1057118;44;400822018;2018;876600;2018;7142;GIGOV/TE;MUNICIPIO DE MORRO DO CHAPEU DO PIAUI;PI;MINISTERIO DO DESENVOLVIMENTO REGIONAL;PI nº 424/2016;Nível I – Obras e serviços de engenharia (Regime Simplificado);CONTRATADA;;0;0;2021-11-29 11:31:12.000;2019-08-20 11:31:12.000;;;222857.14;construção de praça pública no município de morro do chapéu do piauí-pi.
5745;2020-03-06 19:03:42.717;;1057121;1;401112018;2018;876576;2018;7142;GIGOV/TE;MUNICIPIO DE ANGICAL DO PIAUI;PI;MINISTERIO DO DESENVOLVIMENTO REGIONAL;PI nº 424/2016;Nível I – Obras e serviços de engenharia (Regime Simplificado);CONTRATADA;SUSPENSIVA;0;0;2021-12-17 11:31:12.000;;;;222857.14;pavimentação de vias públicas no município de angical do piauí-pi.
5747;2020-03-06 19:03:42.717;;1057123;41;401162018;2018;876594;2018;7142;GIGOV/TE;MUNICIPIO DE JUREMA;PI;MINISTERIO DO DESENVOLVIMENTO REGIONAL;PI nº 424/2016;Nível I – Obras e serviços de engenharia (Regime Simplificado);CONTRATADA;;0;20;2021-11-20 11:31:12.000;2019-07-29 11:31:12.000;2019-08-07 11:31:12.000;2019-11-27 11:31:12.000;222857.14;pavimentação de vias públicas no município de jurema - pi.
5748;2020-03-06 19:03:42.717;;1057124;67;401252018;2018;876604;2018;7142;GIGOV/TE;MUNICIPIO DE PATOS DO PIAUI;PI;MINISTERIO DO DESENVOLVIMENTO REGIONAL;PI nº 424/2016;Nível I – Obras e serviços de engenharia (Regime Simplificado);CONTRATADA;;0;0;2021-11-20 11:31:12.000;2019-08-06 11:31:12.000;;;222857.14;pavimentação de vias públicas no município de patos do piauí - pi.
5751;2020-03-06 19:03:42.717;;1057127;33;401312018;2018;876603;2018;7142;GIGOV/TE;MUNICIPIO DE PALMEIRA DO PIAUI;PI;MINISTERIO DO DESENVOLVIMENTO REGIONAL;PI nº 424/2016;Nível I – Obras e serviços de engenharia (Regime Simplificado);CONTRATADA;SUSPENSIVA;0;0;2021-12-20 11:31:12.000;;;;222857.14;pavimentação de vias públicas no perímetro urbano do municipio de palmeira do piauí.
5753;2020-03-06 19:03:42.717;;1057129;74;401382018;2018;880454;2018;7142;GIGOV/TE;MUNICIPIO DE PAU D'ARCO DO PIAUI;PI;MINISTERIO DO DESENVOLVIMENTO REGIONAL;PI nº 424/2016;Nível I – Obras e serviços de engenharia (Regime Simplificado);CONTRATADA;;0;0;2021-12-12 11:31:12.000;2019-09-10 11:31:12.000;2020-02-26 11:31:12.000;;460952.38;pavimentação de vias públicas no município de pau d'arco do piauí-pi.
5825;2020-03-06 19:03:42.717;;1057201;8;352002018;2018;869585;2018;7142;GIGOV/TE;MUNICIPIO DE CAMPO LARGO DO PIAUI;PI;MINISTERIO DA CIDADANIA;PI nº 424/2016;Nível I – Obras e serviços de engenharia (Regime Simplificado);CONTRATADA;SUSPENSIVA;0;0;2021-10-24 11:31:12.000;;;;460952.38;construção de ginásio poliesportivo no município de campo largo do piauí - pi.
5840;2020-03-06 19:03:42.717;;1057216;29;393002018;2018;869603;2018;7142;GIGOV/TE;MUNICIPIO DE VARZEA BRANCA;PI;MINISTERIO DA CIDADANIA;PI nº 424/2016;Nível I – Obras e serviços de engenharia (Regime Simplificado);CONTRATADA;SUSPENSIVA;0;0;2021-08-28 11:31:12.000;;;;185909.98;aquisição e instalação de academias ao ar livre -  município de várzea branca  pi
5899;2020-03-06 19:03:42.717;;1057275;60;6622018;2018;865007;2018;7142;GIGOV/TE;MUNICIPIO DE BARRA D'ALCANTARA;PI;MINISTERIO DO TURISMO;PI nº 424/2016;Nível I – Obras e serviços de engenharia (Regime Simplificado);CONTRATADA;;0;0;2021-12-28 11:31:12.000;2019-08-15 11:31:12.000;;;460952.38;apoio a projetos de infraestrutura turística - construção de praça pública no município de barra d  alcântara - pi
17562;2020-03-06 19:03:42.717;;1058677;5;442772018;2018;880468;2018;7142;GIGOV/TE;MUNICIPIO DE COCAL;PI;MINISTERIO DO DESENVOLVIMENTO REGIONAL;PI nº 424/2016;Nível II – Obras serviços de engenharia;CONTRATADA;SUSPENSIVA;0;0;2021-12-13 11:31:12.000;;;;1788295.02;pavimentação de vias, zona urbana do município de cocal - pi.
17563;2020-03-06 19:03:42.717;;1058678;20;442892018;2018;876580;2018;7142;GIGOV/TE;MUNICIPIO DE COCAL;PI;MINISTERIO DO DESENVOLVIMENTO REGIONAL;PI nº 424/2016;Nível II – Obras serviços de engenharia;CONTRATADA;;0;0;2021-12-31 11:31:12.000;;;;985000;pavimentação asfáltica em concreto betuminoso usinado a quente - cbuq de diversas ruas, na sede do município de cocal-pi.
17564;2020-03-06 19:03:42.717;;1058679;45;443962018;2018;880471;2018;7142;GIGOV/TE;MUNICIPIO DE COCAL;PI;MINISTERIO DO DESENVOLVIMENTO REGIONAL;PI nº 424/2016;Nível II – Obras serviços de engenharia;CONTRATADA;SUSPENSIVA;0;0;2021-12-13 11:31:12.000;;;;1878045.98;prolongamento da avenida raimundo alves pereira, ligando o centro do município de cocal-pi à pi-213.
17588;2020-03-06 19:03:42.717;;1058703;60;452072018;2018;870240;2018;7142;GIGOV/TE;DEPARTAMENTO DE ESTRADAS DE RODAGEM DO PIAUI;PI;MINISTERIO DO TURISMO;PI nº 424/2016;Nível II – Obras serviços de engenharia;CONTRATADA;SUSPENSIVA;0;0;2021-12-31 11:31:12.000;;;;2827586.21;apoio a projetos de infraestrutura turística - pavimentação de acesso as praças de eventos nos municípios de joão costa, lagoa do piauí e socorro do piauí.
17641;2020-03-06 19:03:42.717;;1058756;88;461622018;2018;876623;2018;7142;GIGOV/TE;MUNICIPIO DE SANTO ANTONIO DE LISBOA;PI;MINISTERIO DO DESENVOLVIMENTO REGIONAL;PI nº 424/2016;Nível II – Obras serviços de engenharia;CONTRATADA;;0;0;2021-11-23 11:31:12.000;2020-02-10 11:31:12.000;2020-02-20 11:31:12.000;;911877.39;pavimentação de vias públicas no município de santo antônio de lisboa -pi
22331;2020-03-06 19:03:42.717;;1059716;55;81632018;2018;873034;2018;7142;GIGOV/TE;MUNICIPIO DE PARNAGUA;PI;MINISTERIO DO TURISMO;PI nº 424/2016;Nível II – Obras serviços de engenharia;CONTRATADA;SUSPENSIVA;0;0;2021-12-18 11:31:12.000;;;;1869731.8;apoio a projetos de infraestrutura turística - construção da orla da lagoa no município de parnaguá/pi - 1ª etapa
22447;2020-03-06 19:03:42.717;;1059832;5;474142018;2018;879001;2018;7142;GIGOV/TE;MUNICIPIO DE BOA HORA;PI;MINISTERIO DA AGRICULTURA, PECUARIA E ABASTECIMENTO;PI nº 424/2016;Nível IV – Máquinas e equipamentos (Regime Simplificado);CONTRATADA;;0;0;2021-10-15 11:31:12.000;;2019-06-19 11:31:12.000;;136986.3;aquisição de 01 (uma) patrulha agrícola mecanizada para município de boa hora  pi.
22448;2020-03-06 19:03:42.717;;1059833;20;474232018;2018;877184;2018;7142;GIGOV/TE;MUNICIPIO DE ANISIO DE ABREU;PI;MINISTERIO DA AGRICULTURA, PECUARIA E ABASTECIMENTO;PI nº 424/2016;Nível IV – Máquinas e equipamentos (Regime Simplificado);CONTRATADA;;0;0;2021-12-20 11:31:12.000;;2019-10-02 11:31:12.000;;136986.3;aquisição patrulha agrícola mecanizada
22449;2020-03-06 19:03:42.717;;1059834;45;474302018;2018;878728;2018;7142;GIGOV/TE;MUNICIPIO DE BONFIM DO PIAUI;PI;MINISTERIO DA AGRICULTURA, PECUARIA E ABASTECIMENTO;PI nº 424/2016;Nível IV – Máquinas e equipamentos (Regime Simplificado);CONTRATADA;;0;0;2021-10-16 11:31:12.000;;2019-09-12 11:31:12.000;;136986.3;aquisição de patrulha mecanizada para o município de bonfim do piauí-pi.
22460;2020-03-06 19:03:42.717;;1059845;87;480472018;2018;877718;2018;7142;GIGOV/TE;MUNICIPIO DE BOCAINA;PI;MINISTERIO DA AGRICULTURA, PECUARIA E ABASTECIMENTO;PI nº 424/2016;Nível IV – Máquinas e equipamentos (Regime Simplificado);CONTRATADA;;0;0;2021-11-28 11:31:12.000;;2019-08-30 11:31:12.000;;136986.3;aquisição de trator agrícola para o município de bocaina - pi.
22462;2020-03-06 19:03:42.717;;1059847;26;481182018;2018;881266;2018;7142;GIGOV/TE;MUNICIPIO DE BERTOLINIA;PI;MINISTERIO DA AGRICULTURA, PECUARIA E ABASTECIMENTO;PI nº 424/2016;Nível IV – Máquinas e equipamentos (Regime Simplificado);EXTINTA;;0;0;;;;;136986.3;Aquisição de um Trator Agrícola com Implemento para o município de Bertolínia- PI.
22713;2020-03-06 19:03:42.717;;1060098;59;470852018;2018;881268;2018;7142;GIGOV/TE;MUNICIPIO DE SANTA CRUZ DOS MILAGRES;PI;MINISTERIO DA AGRICULTURA, PECUARIA E ABASTECIMENTO;PI nº 424/2016;Nível IV – Máquinas e equipamentos (Regime Simplificado);CONTRATADA;;0;0;2021-12-28 11:31:12.000;;;;136986.3;aquisição de veículo utilitário e equipamento agrícola para o município de santa cruz dos milagres- pi.
22715;2020-03-06 19:03:42.717;;1060100;14;471882018;2018;877185;2018;7142;GIGOV/TE;MUNICIPIO DE SAO LOURENCO DO PIAUI;PI;MINISTERIO DA AGRICULTURA, PECUARIA E ABASTECIMENTO;PI nº 424/2016;Nível IV – Máquinas e equipamentos (Regime Simplificado);CONTRATADA;;0;0;2021-12-13 11:31:12.000;;2020-01-10 11:31:12.000;;136986.3;aquisição de máquinas e equipamentos agrícola para o município de são lourenço do piauí - pi.
22717;2020-03-06 19:03:42.717;;1060102;55;473112018;2018;878742;2018;7142;GIGOV/TE;MUNICIPIO DE SAO FRANCISCO DE ASSIS DO PIAUI;PI;MINISTERIO DA AGRICULTURA, PECUARIA E ABASTECIMENTO;PI nº 424/2016;Nível IV – Máquinas e equipamentos (Regime Simplificado);CONTRATADA;;0;0;2021-12-28 11:31:12.000;;;;136986.3;aquisição de máquinas e equipamentos agrícola para o município de são francisco de assis do piauí - pi
22719;2020-03-06 19:03:42.717;;1060104;95;473422018;2018;879002;2018;7142;GIGOV/TE;MUNICIPIO DE BOM PRINCIPIO DO PIAUI;PI;MINISTERIO DA AGRICULTURA, PECUARIA E ABASTECIMENTO;PI nº 424/2016;Nível IV – Máquinas e equipamentos (Regime Simplificado);EXTINTA;;0;0;;;;;136986.3;AQUISIÇÃO DE CAMINHÃO BASCULANTE
22722;2020-03-06 19:03:42.717;;1060107;62;474172018;2018;879868;2018;7142;GIGOV/TE;MUNICIPIO DE SEBASTIAO BARROS;PI;MINISTERIO DA AGRICULTURA, PECUARIA E ABASTECIMENTO;PI nº 424/2016;Nível IV – Máquinas e equipamentos (Regime Simplificado);CONTRATADA;;0;0;2021-12-31 11:31:12.000;;;;136986.3;aquisição de um trator agrícola para o município de sebastião barros-pi.
22723;2020-03-06 19:03:42.717;;1060108;87;474452018;2018;880954;2018;7142;GIGOV/TE;MUNICIPIO DE SIGEFREDO PACHECO;PI;MINISTERIO DA AGRICULTURA, PECUARIA E ABASTECIMENTO;PI nº 424/2016;Nível IV – Máquinas e equipamentos (Regime Simplificado);CONTRATADA;;0;0;2021-12-27 11:31:12.000;;;;136986.3;aquisição de uma patrulha agrícola mecanizada para município de sigefredo pacheco/pi
22724;2020-03-06 19:03:42.717;;1060109;1;474532018;2018;877720;2018;7142;GIGOV/TE;MUNICIPIO DE SANTA FILOMENA;PI;MINISTERIO DA AGRICULTURA, PECUARIA E ABASTECIMENTO;PI nº 424/2016;Nível IV – Máquinas e equipamentos (Regime Simplificado);CONTRATADA;;0;0;2021-11-09 11:31:12.000;;;;136986.3;aquisição caminhão para município de santa filomena/pi
22725;2020-03-06 19:03:42.717;;1060110;28;474562018;2018;880810;2018;7142;GIGOV/TE;MUNICIPIO DE SAO FRANCISCO DO PIAUI;PI;MINISTERIO DA AGRICULTURA, PECUARIA E ABASTECIMENTO;PI nº 424/2016;Nível IV – Máquinas e equipamentos (Regime Simplificado);CONTRATADA;;0;0;2021-12-26 11:31:12.000;;;;136986.3;aquisição de equipamento agrícola para o município de são francisco do piauí-pi.
22727;2020-03-06 19:03:42.717;;1060112;69;475052018;2018;880406;2018;7142;GIGOV/TE;MUNICIPIO DE SANTA LUZ;PI;MINISTERIO DA AGRICULTURA, PECUARIA E ABASTECIMENTO;PI nº 424/2016;Nível IV – Máquinas e equipamentos (Regime Simplificado);CONTRATADA;;0;0;2021-12-28 11:31:12.000;;;;136986.3;aquisição de equipamentos agrícolas para o município de santa luz-pi.
22729;2020-03-06 19:03:42.717;;1060114;8;475472018;2018;876646;2018;7142;GIGOV/TE;MUNICIPIO DE SAO JOAO DA VARJOTA;PI;MINISTERIO DA AGRICULTURA, PECUARIA E ABASTECIMENTO;PI nº 424/2016;Nível IV – Máquinas e equipamentos (Regime Simplificado);CONTRATADA;;0;0;2021-12-14 11:31:12.000;;2020-02-10 11:31:12.000;;136986.3;aquisição de trator agrícola com implementos para o município de são joão da varjota-pi
22734;2020-03-06 19:03:42.717;;1060119;15;482262018;2018;876643;2018;7142;GIGOV/TE;MUNICIPIO DE FRANCINOPOLIS;PI;MINISTERIO DA AGRICULTURA, PECUARIA E ABASTECIMENTO;PI nº 424/2016;Nível IV – Máquinas e equipamentos (Regime Simplificado);CONTRATADA;;0;0;2021-12-31 11:31:12.000;;2020-01-03 11:31:12.000;;136986.3;aquisição de equipamentos agrícolas para o município de francinópolis - pi
23748;2020-03-06 19:03:42.717;;1060199;99;463032018;2018;879570;2018;7142;GIGOV/TE;MUNICIPIO DE FLORIANO;PI;MINISTERIO DO DESENVOLVIMENTO REGIONAL;PI nº 424/2016;Nível II – Obras serviços de engenharia;CONTRATADA;SUSPENSIVA;0;0;2021-12-05 11:31:12.000;;;;1422988.5;urbanização da orla fluvial (beira-rio) no município de floriano-pi
25612;2020-03-06 19:03:42.717;;425786;92;0;0;681194;2013;7142;GIGOV/TE;MUNICIPIO DE PICOS - PI;PI;MINISTERIO DO ESPORTE;PAC;N/A;CONTRATADA;TCE EM INSTAURAÇÃO;5.99;5.99;2019-12-30 11:31:12.000;;;2014-06-13 11:31:12.000;3269102.4;"CIE - MODELO II                                                                                                         "
27603;2020-03-06 19:03:42.717;;1060318;30;481502018;2018;879662;2018;7142;GIGOV/TE;MUNICIPIO DE SAO JOAO DO PIAUI;PI;MINISTERIO DA AGRICULTURA, PECUARIA E ABASTECIMENTO;PI nº 424/2016;Nível IV – Máquinas e equipamentos (Regime Simplificado);CONTRATADA;;0;0;2021-12-28 11:31:12.000;;;;136986.3;aquisição de equipamentos para o matadouro do município de são joão do piauí/pi
27604;2020-03-06 19:03:42.717;;1060319;56;482472018;2018;877284;2018;7142;GIGOV/TE;MUNICIPIO DE COLONIA DO PIAUI;PI;MINISTERIO DA AGRICULTURA, PECUARIA E ABASTECIMENTO;PI nº 424/2016;Nível I – Obras e serviços de engenharia (Regime Simplificado);CONTRATADA;;0;0;2021-12-28 11:31:12.000;2019-08-29 11:31:12.000;2020-03-11 11:31:12.000;;222857.14;adequação de estradas vicinais no município de colônia do piauí-pi.
29048;2020-03-06 19:03:42.717;;445153;67;0;0;683136;2014;7142;GIGOV/TE;MUNICIPIO DE CURRAL NOVO DO PIAUI - PI;PI;MINISTERIO DAS CIDADES;PAC;N/A;CONTRATADA;TCE EM INSTAURAÇÃO;100;97.53;2019-05-28 11:31:12.000;2015-02-11 11:31:12.000;;2015-12-10 11:31:12.000;688899.74;"Conclusao de 30 unidades habitacionais                                                                                  "
29593;2020-03-06 19:03:42.717;;1060440;15;471552018;2018;879004;2018;7142;GIGOV/TE;MUNICIPIO DE CAMPO ALEGRE DO FIDALGO;PI;MINISTERIO DA AGRICULTURA, PECUARIA E ABASTECIMENTO;PI nº 424/2016;Nível IV – Máquinas e equipamentos (Regime Simplificado);CONTRATADA;;0;0;2021-10-24 11:31:12.000;;2019-09-24 11:31:12.000;;136986.3;aquisição de máquinas e equipamentos agrícola para o município de campo alegre do fidalgo  pi
29595;2020-03-06 19:03:42.717;;1060442;56;474152018;2018;878730;2018;7142;GIGOV/TE;MUNICIPIO DE CARACOL;PI;MINISTERIO DA AGRICULTURA, PECUARIA E ABASTECIMENTO;PI nº 424/2016;Nível IV – Máquinas e equipamentos (Regime Simplificado);CONTRATADA;;0;0;2021-12-27 11:31:12.000;;2020-01-10 11:31:12.000;;136986.3;aquisição de patrulha mecanizada para o município de caracol-pi.
29596;2020-03-06 19:03:42.717;;1060443;71;476942018;2018;880405;2018;7142;GIGOV/TE;MUNICIPIO DE COCAL DE TELHA;PI;MINISTERIO DA AGRICULTURA, PECUARIA E ABASTECIMENTO;PI nº 424/2016;Nível IV – Máquinas e equipamentos (Regime Simplificado);CONTRATADA;;0;0;2021-12-31 11:31:12.000;;2019-08-28 11:31:12.000;;136986.3;aquisição de trator -arado para o município de cocal de telha-pi.
29720;2020-03-06 19:03:42.717;;1060567;18;303922018;2018;873944;2018;7142;GIGOV/TE;MUNICIPIO DE BOA HORA;PI;MINISTERIO DA CIDADANIA;PI nº 424/2016;Nível I – Obras e serviços de engenharia (Regime Simplificado);CONTRATADA;SUSPENSIVA;0;0;2021-09-27 11:31:12.000;;;;319428;estruturacao da rede de servicos de protecao social basica  construcao de centro de convivencia  cc
29723;2020-03-06 19:03:42.717;;1060570;76;304692018;2018;873949;2018;7142;GIGOV/TE;MUNICIPIO DE SOCORRO DO PIAUI;PI;MINISTERIO DA CIDADANIA;PI nº 424/2016;Nível I – Obras e serviços de engenharia (Regime Simplificado);CONTRATADA;;0;0;2021-07-31 11:31:12.000;2019-10-30 11:31:12.000;2020-02-28 11:31:12.000;;319428;estruturação da rede de serviços de proteção social básica  construção de cras
29726;2020-03-06 19:03:42.717;;1060573;30;305012018;2018;873948;2018;7142;GIGOV/TE;MUNICIPIO DE LAGOA ALEGRE;PI;MINISTERIO DA CIDADANIA;PI nº 424/2016;Nível I – Obras e serviços de engenharia (Regime Simplificado);CONTRATADA;;0;0;2021-08-28 11:31:12.000;2019-11-27 11:31:12.000;;;319428;estruturação da rede de serviços de proteção social básica  construção de cras
29727;2020-03-06 19:03:42.717;;1060574;56;305042018;2018;873950;2018;7142;GIGOV/TE;MUNICIPIO DE PAQUETA;PI;MINISTERIO DA CIDADANIA;PI nº 424/2016;Nível I – Obras e serviços de engenharia (Regime Simplificado);CONTRATADA;SUSPENSIVA;0;0;2021-11-19 11:31:12.000;;;;319428;estruturação da rede de serviços de proteção social básica  construção de cras
29733;2020-03-06 19:03:42.717;;1060580;80;305942018;2018;873942;2018;7142;GIGOV/TE;MUNICIPIO DE BELEM DO PIAUI;PI;MINISTERIO DA CIDADANIA;PI nº 424/2016;Nível I – Obras e serviços de engenharia (Regime Simplificado);CONTRATADA;;0;0;2021-09-06 11:31:12.000;;;;319428;estruturação da rede de serviços de proteção social básica  construção de cras
29734;2020-03-06 19:03:42.717;;1060581;4;305992018;2018;873946;2018;7142;GIGOV/TE;MUNICIPIO DE BREJO DO PIAUI;PI;MINISTERIO DA CIDADANIA;PI nº 424/2016;Nível I – Obras e serviços de engenharia (Regime Simplificado);CONTRATADA;;0;0;2021-07-18 11:31:12.000;;;;319428;estruturação da rede de serviços de proteção social básica  construção de cras
29736;2020-03-06 19:03:42.717;;1060583;44;306042018;2018;873947;2018;7142;GIGOV/TE;MUNICIPIO DE CARACOL;PI;MINISTERIO DA CIDADANIA;PI nº 424/2016;Nível I – Obras e serviços de engenharia (Regime Simplificado);CONTRATADA;;0;0;2021-07-19 11:31:12.000;2019-10-31 11:31:12.000;;;319428;estruturação da rede de serviços de proteção social básica  construção de cras
29737;2020-03-06 19:03:42.717;;1060584;60;306052018;2018;873941;2018;7142;GIGOV/TE;MUNICIPIO DE BAIXA GRANDE DO RIBEIRO;PI;MINISTERIO DA CIDADANIA;PI nº 424/2016;Nível I – Obras e serviços de engenharia (Regime Simplificado);CONTRATADA;SUSPENSIVA;0;0;2021-07-18 11:31:12.000;;;;319428;estruturação da rede de serviços de proteção social básica  construção de cras
29758;2020-03-06 19:03:42.717;;1060605;38;308202018;2018;873943;2018;7142;GIGOV/TE;MUNICIPIO DE BOM JESUS;PI;MINISTERIO DA CIDADANIA;PI nº 424/2016;Nível I – Obras e serviços de engenharia (Regime Simplificado);CONTRATADA;SUSPENSIVA;0;0;2021-07-27 11:31:12.000;;;;224190;estruturacao da rede de servicos de protecao social basica  construcao de centro  de convivencia - cc
29804;2020-03-06 19:03:42.717;;1060651;98;361592018;2018;873951;2018;7142;GIGOV/TE;MUNICIPIO DE ISAIAS COELHO;PI;MINISTERIO DA CIDADANIA;PI nº 424/2016;Nível I – Obras e serviços de engenharia (Regime Simplificado);CONTRATADA;SUSPENSIVA;0;0;2021-07-30 11:31:12.000;;;;224190;estruturacao da rede de servicos de protecao social basica  ampliacao de centro de referencia de assistencia social - cras
29975;2020-03-06 19:03:42.717;;1060822;29;472332018;2018;878748;2018;7142;GIGOV/TE;MUNICIPIO DE CABECEIRAS DO PIAUI;PI;MINISTERIO DA AGRICULTURA, PECUARIA E ABASTECIMENTO;PI nº 424/2016;Nível IV – Máquinas e equipamentos (Regime Simplificado);CONTRATADA;;0;0;2021-12-31 11:31:12.000;;;;185909.98;aquisição de um trator agrícola para o município de cabeceiras do piauí - pi.
30106;2020-03-06 19:03:42.717;;1060953;93;557382018;2018;875352;2018;7142;GIGOV/TE;FUNDACAO DOS ESPORTES DO PIAUI;PI;MINISTERIO DA CIDADANIA;PI nº 424/2016;Nível II – Obras serviços de engenharia;CONTRATADA;SUSPENSIVA;0;0;2021-12-31 11:31:12.000;;;;910536.4;construção de um estádio de futebol no município de pavussu e construção de uma quadra poliesportiva coberta no município de gilbués - pi.
30125;2020-03-06 19:03:42.717;;1060972;96;562812018;2018;875337;2018;7142;GIGOV/TE;MUNICIPIO DE ILHA GRANDE;PI;MINISTERIO DO ESPORTE;PI nº 424/2016;Nível I – Obras e serviços de engenharia (Regime Simplificado);CONTRATADA;SUSPENSIVA;0;0;2021-12-28 11:31:12.000;;;;222857.14;reforma e modernização de quadra poliesportiva no município ilha grande - pi
30189;2020-03-06 19:03:42.717;;1061036;68;486552018;2018;877722;2018;7142;GIGOV/TE;MUNICIPIO DE SAO LUIS DO PIAUI;PI;MINISTERIO DA AGRICULTURA, PECUARIA E ABASTECIMENTO;PI nº 424/2016;Nível IV – Máquinas e equipamentos (Regime Simplificado);CONTRATADA;;0;0;2021-11-30 11:31:12.000;2019-08-08 11:31:12.000;2019-08-08 11:31:12.000;;136986.3;aquisição de trator agrícola para o município de são luís do piauí - pi
30215;2020-03-06 19:03:42.717;;1061062;8;553862018;2018;878991;2018;7142;GIGOV/TE;MUNICIPIO DE NAZARIA;PI;MINISTERIO DA AGRICULTURA, PECUARIA E ABASTECIMENTO;PI nº 424/2016;Nível IV – Máquinas e equipamentos (Regime Simplificado);CONTRATADA;;0;0;2021-12-31 11:31:12.000;;2020-02-13 11:31:12.000;;136986.3;aquisição de maquina e implemento agrícola para o município de nazária-pi.
30228;2020-03-06 19:03:42.717;;1061075;80;34652018;2018;882079;2018;7142;GIGOV/TE;MUNICIPIO DE JOAO COSTA;PI;MINISTERIO DA AGRICULTURA, PECUARIA E ABASTECIMENTO;PI nº 424/2016;Nível I – Obras e serviços de engenharia (Regime Simplificado);CONTRATADA;;0;0;2021-12-31 11:31:12.000;2019-08-01 11:31:12.000;2019-10-22 11:31:12.000;2020-01-03 11:31:12.000;689523.81;adequação de estradas vicinais na zona rural do município de joão costa-pi
30256;2020-03-06 19:03:42.717;;1061103;84;465802018;2018;878740;2018;7142;GIGOV/TE;MUNICIPIO DE SAO FELIX DO PIAUI;PI;MINISTERIO DA AGRICULTURA, PECUARIA E ABASTECIMENTO;PI nº 424/2016;Nível IV – Máquinas e equipamentos (Regime Simplificado);CONTRATADA;;0;0;2020-10-26 11:31:12.000;;;;136986.3;aquisição de trator e implementos agrícolas para o município de são félix do piauí-pi.
30257;2020-03-06 19:03:42.717;;1061104;8;467492018;2018;878260;2018;7142;GIGOV/TE;MUNICIPIO DE ISAIAS COELHO;PI;MINISTERIO DA AGRICULTURA, PECUARIA E ABASTECIMENTO;PI nº 424/2016;Nível IV – Máquinas e equipamentos (Regime Simplificado);CONTRATADA;;0;0;2021-11-07 11:31:12.000;;2019-03-11 11:31:12.000;;136986.3;aquisição de trator agrícola para o município de isaías coelho - piauí-pi.
30260;2020-03-06 19:03:42.717;;1061107;76;473272018;2018;879013;2018;7142;GIGOV/TE;MUNICIPIO DE JARDIM DO MULATO;PI;MINISTERIO DA AGRICULTURA, PECUARIA E ABASTECIMENTO;PI nº 424/2016;Nível IV – Máquinas e equipamentos (Regime Simplificado);CONTRATADA;;0;0;2021-12-31 11:31:12.000;;2019-09-11 11:31:12.000;;136986.3;aquisição de equipamento agrícola para o município de jardim do mulato-pi.
30261;2020-03-06 19:03:42.717;;1061108;91;473492018;2018;879016;2018;7142;GIGOV/TE;MUNICIPIO DE NAZARE DO PIAUI;PI;MINISTERIO DA AGRICULTURA, PECUARIA E ABASTECIMENTO;PI nº 424/2016;Nível IV – Máquinas e equipamentos (Regime Simplificado);CONTRATADA;;0;0;2021-12-31 11:31:12.000;;2019-08-27 11:31:12.000;;136986.3;aquisição de equipamento agrícola para o município de nazaré do piauí-pi.
30262;2020-03-06 19:03:42.717;;1061109;15;474252018;2018;878731;2018;7142;GIGOV/TE;MUNICIPIO DE ELISEU MARTINS;PI;MINISTERIO DA AGRICULTURA, PECUARIA E ABASTECIMENTO;PI nº 424/2016;Nível IV – Máquinas e equipamentos (Regime Simplificado);CONTRATADA;;0;0;2021-12-21 11:31:12.000;;2019-11-29 11:31:12.000;;136986.3;aquisição de patrulha mecanizada para o município de eliseu martins-pi.
30263;2020-03-06 19:03:42.717;;1061110;32;474372018;2018;879012;2018;7142;GIGOV/TE;MUNICIPIO DE HUGO NAPOLEAO;PI;MINISTERIO DA AGRICULTURA, PECUARIA E ABASTECIMENTO;PI nº 424/2016;Nível IV – Máquinas e equipamentos (Regime Simplificado);CONTRATADA;;0;0;2021-12-21 11:31:12.000;;2019-09-11 11:31:12.000;;136986.3;aquisição de equipamento agrícola para o município de hugo napoleão-pi.
30264;2020-03-06 19:03:42.717;;1061111;58;474582018;2018;879003;2018;7142;GIGOV/TE;MUNICIPIO DE CAJUEIRO DA PRAIA;PI;MINISTERIO DA AGRICULTURA, PECUARIA E ABASTECIMENTO;PI nº 424/2016;Nível IV – Máquinas e equipamentos (Regime Simplificado);CONTRATADA;;0;0;2021-12-31 11:31:12.000;;2019-07-19 11:31:12.000;;136986.3;aquisição de trator e implemento agrícolas para o município de cajueiro da praia - pi
30265;2020-03-06 19:03:42.717;;1061112;73;474662018;2018;878987;2018;7142;GIGOV/TE;MUNICIPIO DE SAO GONCALO DO GURGUEIA;PI;MINISTERIO DA AGRICULTURA, PECUARIA E ABASTECIMENTO;PI nº 424/2016;Nível IV – Máquinas e equipamentos (Regime Simplificado);CONTRATADA;;0;0;2021-12-28 11:31:12.000;;2019-10-28 11:31:12.000;;136986.3;aquisição de equipamento agrícola para o município de são gonçalo do gurgueia-pi.
30266;2020-03-06 19:03:42.717;;1061113;98;476542018;2018;878733;2018;7142;GIGOV/TE;MUNICIPIO DE FRANCISCO AYRES;PI;MINISTERIO DA AGRICULTURA, PECUARIA E ABASTECIMENTO;PI nº 424/2016;Nível IV – Máquinas e equipamentos (Regime Simplificado);CONTRATADA;;0;0;2021-12-21 11:31:12.000;;;;136986.3;aquisição de equipamento agrícola para o município de francisco ayres-pi.
30268;2020-03-06 19:03:42.717;;1061115;49;477102018;2018;876218;2018;7142;GIGOV/TE;MUNICIPIO DE FLORES DO PIAUI;PI;MINISTERIO DA AGRICULTURA, PECUARIA E ABASTECIMENTO;PI nº 424/2016;Nível IV – Máquinas e equipamentos (Regime Simplificado);CONTRATADA;;0;0;2021-12-27 11:31:12.000;;;;136986.3;aquisição de equipamento agrícola para o município de flores do piauí-pi.
30270;2020-03-06 19:03:42.717;;1061117;80;477542018;2018;879863;2018;7142;GIGOV/TE;MUNICIPIO DE COIVARAS;PI;MINISTERIO DA AGRICULTURA, PECUARIA E ABASTECIMENTO;PI nº 424/2016;Nível IV – Máquinas e equipamentos (Regime Simplificado);EXTINTA;;0;0;;;;;136986.3;Aquisição de maquinas e equipamentos agrícolas para o município de Coivaras-PI
30271;2020-03-06 19:03:42.717;;1061118;4;478692018;2018;878986;2018;7142;GIGOV/TE;MUNICIPIO DE SANTO ANTONIO DOS MILAGRES;PI;MINISTERIO DA AGRICULTURA, PECUARIA E ABASTECIMENTO;PI nº 424/2016;Nível IV – Máquinas e equipamentos (Regime Simplificado);CONTRATADA;;0;0;2021-12-31 11:31:12.000;;;;136986.3;aquisição de equipamento agrícola para o município de santo antônio dos milagres-pi.
30272;2020-03-06 19:03:42.717;;1061119;29;479952018;2018;879005;2018;7142;GIGOV/TE;MUNICIPIO DE COCAL DOS ALVES;PI;MINISTERIO DA AGRICULTURA, PECUARIA E ABASTECIMENTO;PI nº 424/2016;Nível IV – Máquinas e equipamentos (Regime Simplificado);EXTINTA;;0;0;;;;;136986.3;AQUISIÇÃO DE TRATOR E IMPLEMENTOS AGRÍCOLAS PARA O MUNICÍPIO DE COCAL DOS ALVES-PI.
30273;2020-03-06 19:03:42.717;;1061120;46;481112018;2018;878259;2018;7142;GIGOV/TE;MUNICIPIO DE ALEGRETE DO PIAUI;PI;MINISTERIO DA AGRICULTURA, PECUARIA E ABASTECIMENTO;PI nº 424/2016;Nível IV – Máquinas e equipamentos (Regime Simplificado);CONTRATADA;;0;0;2021-12-26 11:31:12.000;;2019-05-08 11:31:12.000;;136986.3;aquisição de trator para o município de alegrete do piauí - pi
30274;2020-03-06 19:03:42.717;;1061121;62;481302018;2018;879894;2018;7142;GIGOV/TE;MUNICIPIO DE MANOEL EMIDIO;PI;MINISTERIO DA AGRICULTURA, PECUARIA E ABASTECIMENTO;PI nº 424/2016;Nível IV – Máquinas e equipamentos (Regime Simplificado);EXTINTA;;0;0;;;;;136986.3;Aquisição de maquinas e equipamentos agrícolas e de processamento agroindustrial para o município de Manoel Emídio ¿ Piauí.
30275;2020-03-06 19:03:42.717;;1061122;87;481462018;2018;879864;2018;7142;GIGOV/TE;MUNICIPIO DE MIGUEL LEAO;PI;MINISTERIO DA AGRICULTURA, PECUARIA E ABASTECIMENTO;PI nº 424/2016;Nível IV – Máquinas e equipamentos (Regime Simplificado);EXTINTA;;0;0;;;;;136986.3;Aquisição de Trator Agrícola com Implemento para o município de Miguel Leão ¿ PI.
30276;2020-03-06 19:03:42.717;;1061123;1;481802018;2018;879008;2018;7142;GIGOV/TE;MUNICIPIO DE CORRENTE;PI;MINISTERIO DA AGRICULTURA, PECUARIA E ABASTECIMENTO;PI nº 424/2016;Nível IV – Máquinas e equipamentos (Regime Simplificado);EXTINTA;;0;0;;;;;136986.3;AQUISIÇÃO DE TRATOR AGRÍCOLAS E IMPLEMENTOS PARA O MUNICÍPIO DE CORRENTE-PI.
30278;2020-03-06 19:03:42.717;;1061125;54;482042018;2018;878988;2018;7142;GIGOV/TE;MUNICIPIO DE SAO JOSE DO PEIXE;PI;MINISTERIO DA AGRICULTURA, PECUARIA E ABASTECIMENTO;PI nº 424/2016;Nível IV – Máquinas e equipamentos (Regime Simplificado);CONTRATADA;;0;0;2021-12-31 11:31:12.000;;;;136986.3;aquisição de trator agrícola  e implemento para o município para são josé do peixe - pi
30279;2020-03-06 19:03:42.717;;1061126;79;482342018;2018;879015;2018;7142;GIGOV/TE;MUNICIPIO DE LAGOA ALEGRE;PI;MINISTERIO DA AGRICULTURA, PECUARIA E ABASTECIMENTO;PI nº 424/2016;Nível IV – Máquinas e equipamentos (Regime Simplificado);CONTRATADA;;0;0;2021-12-31 11:31:12.000;;;;136986.3;aquisição de máquinas e equipamentos agrícolas para o município de lagoa alegre-pi
30280;2020-03-06 19:03:42.717;;1061127;94;486282018;2018;878985;2018;7142;GIGOV/TE;MUNICIPIO DE RIACHO FRIO;PI;MINISTERIO DA AGRICULTURA, PECUARIA E ABASTECIMENTO;PI nº 424/2016;Nível IV – Máquinas e equipamentos (Regime Simplificado);CONTRATADA;;0;0;2021-12-19 11:31:12.000;;;;136986.3;aquisição de um caminhão transportador de matéria-prima para o município de riacho frio-pi.
30281;2020-03-06 19:03:42.717;;1061128;18;486582018;2018;878727;2018;7142;GIGOV/TE;MUNICIPIO DE ARRAIAL;PI;MINISTERIO DA AGRICULTURA, PECUARIA E ABASTECIMENTO;PI nº 424/2016;Nível IV – Máquinas e equipamentos (Regime Simplificado);CONTRATADA;;0;0;2021-12-31 11:31:12.000;;;;136986.3;aquisição de um caminhão transportador de matéria-prima para o município de arraial-pi.
30297;2020-03-06 19:03:42.717;;1061144;44;236042018;2018;878892;2018;7142;GIGOV/TE;MUNICIPIO DE JUREMA;PI;MINISTERIO DA AGRICULTURA, PECUARIA E ABASTECIMENTO;PI nº 424/2016;Nível II – Obras serviços de engenharia;CONTRATADA;;0;0;2021-10-16 11:31:12.000;;2019-08-08 11:31:12.000;2019-09-18 11:31:12.000;835249.04;adequação de estradas vicinais no município de jurema-pi.
30298;2020-03-06 19:03:42.717;;1061145;72;238332018;2018;882081;2018;7142;GIGOV/TE;MUNICIPIO DE MORRO DO CHAPEU DO PIAUI;PI;MINISTERIO DA AGRICULTURA, PECUARIA E ABASTECIMENTO;PI nº 424/2016;Nível I – Obras e serviços de engenharia (Regime Simplificado);CONTRATADA;;0;0;2021-12-28 11:31:12.000;2019-11-11 11:31:12.000;2020-03-18 11:31:12.000;;518095.24;adequação de estradas vicinais no município de morro do chapéu do piauí-pi.
30303;2020-03-06 19:03:42.717;;1061150;70;478732018;2018;878264;2018;7142;GIGOV/TE;MUNICIPIO DE SANTA FILOMENA;PI;MINISTERIO DA AGRICULTURA, PECUARIA E ABASTECIMENTO;PI nº 424/2016;Nível IV – Máquinas e equipamentos (Regime Simplificado);CONTRATADA;;0;0;2021-11-09 11:31:12.000;2019-06-06 11:31:12.000;2019-06-06 11:31:12.000;;185909.98;aquisição de 01 (uma) patrulha agrícola mecanizada para município de santa filomena  pi.
30305;2020-03-06 19:03:42.717;;1061152;19;479092018;2018;878995;2018;7142;GIGOV/TE;MUNICIPIO DE SAO FELIX DO PIAUI;PI;MINISTERIO DA AGRICULTURA, PECUARIA E ABASTECIMENTO;PI nº 424/2016;Nível I – Obras e serviços de engenharia (Regime Simplificado);CONTRATADA;;0;0;2021-10-26 11:31:12.000;2019-10-17 11:31:12.000;;;222857.14;adequação de estrada vicinal no município de são félix do piauí-pi.
30306;2020-03-06 19:03:42.717;;1061153;34;479132018;2018;878262;2018;7142;GIGOV/TE;MUNICIPIO DE SOCORRO DO PIAUI;PI;MINISTERIO DA AGRICULTURA, PECUARIA E ABASTECIMENTO;PI nº 424/2016;Nível IV – Máquinas e equipamentos (Regime Simplificado);CONTRATADA;;0;0;2021-12-31 11:31:12.000;;2019-11-22 11:31:12.000;;136986.3;aquisição de máquinas e equipamentos.
30307;2020-03-06 19:03:42.717;;1061154;50;479152018;2018;878996;2018;7142;GIGOV/TE;MUNICIPIO DE PEDRO LAURENTINO;PI;MINISTERIO DA AGRICULTURA, PECUARIA E ABASTECIMENTO;PI nº 424/2016;Nível I – Obras e serviços de engenharia (Regime Simplificado);CONTRATADA;;0;0;2021-10-26 11:31:12.000;2019-11-27 11:31:12.000;2020-03-04 11:31:12.000;;222857.14;adequação de estradas vicinais no município de pedro laurentino-pi.
30308;2020-03-06 19:03:42.717;;1061155;87;479562018;2018;878994;2018;7142;GIGOV/TE;MUNICIPIO DE MASSAPE DO PIAUI;PI;MINISTERIO DA AGRICULTURA, PECUARIA E ABASTECIMENTO;PI nº 424/2016;Nível I – Obras e serviços de engenharia (Regime Simplificado);CONTRATADA;;0;0;2021-10-24 11:31:12.000;2019-11-12 11:31:12.000;;;222857.14;adequação de estradas vicinais no município de massapê do piauí-pi.
30310;2020-03-06 19:03:42.717;;1061157;26;480432018;2018;879017;2018;7142;GIGOV/TE;MUNICIPIO DE PARNAGUA;PI;MINISTERIO DA AGRICULTURA, PECUARIA E ABASTECIMENTO;PI nº 424/2016;Nível IV – Máquinas e equipamentos (Regime Simplificado);EXTINTA;;0;0;;;;;136986.3;Aquisição de Trator para o município de Parnaguá-PI
30311;2020-03-06 19:03:42.717;;1061158;41;480802018;2018;878993;2018;7142;GIGOV/TE;MUNICIPIO DE IPIRANGA DO PIAUI;PI;MINISTERIO DA AGRICULTURA, PECUARIA E ABASTECIMENTO;PI nº 424/2016;Nível I – Obras e serviços de engenharia (Regime Simplificado);CONTRATADA;;0;0;2021-10-16 11:31:12.000;2019-10-08 11:31:12.000;2019-10-02 11:31:12.000;2019-12-18 11:31:12.000;222857.14;adequação de estradas vicinais no município de ipiranga do piauí-pi.
30312;2020-03-06 19:03:42.717;;1061159;67;480972018;2018;879009;2018;7142;GIGOV/TE;MUNICIPIO DE CRISTALANDIA DO PIAUI;PI;MINISTERIO DA AGRICULTURA, PECUARIA E ABASTECIMENTO;PI nº 424/2016;Nível IV – Máquinas e equipamentos (Regime Simplificado);CONTRATADA;;0;0;2021-12-19 11:31:12.000;;;;136986.3;aquisição de implemento agrícola - trator - para secretaria municipal de agricultura do município de cristalândia do piauí-pi.
30313;2020-03-06 19:03:42.717;;1061160;84;482742018;2018;878263;2018;7142;GIGOV/TE;MUNICIPIO DE GEMINIANO;PI;MINISTERIO DA AGRICULTURA, PECUARIA E ABASTECIMENTO;PI nº 424/2016;Nível IV – Máquinas e equipamentos (Regime Simplificado);CONTRATADA;;0;0;2021-12-31 11:31:12.000;;;;185909.98;aquisição de trator agrícola e acessórios (plaina dianteira, pá hidráulica) para o município de geminiano- pi.
30314;2020-03-06 19:03:42.717;;1061161;8;486622018;2018;879866;2018;7142;GIGOV/TE;MUNICIPIO DE SAO PEDRO DO PIAUI;PI;MINISTERIO DA AGRICULTURA, PECUARIA E ABASTECIMENTO;PI nº 424/2016;Nível IV – Máquinas e equipamentos (Regime Simplificado);CONTRATADA;;0;0;2021-12-14 11:31:12.000;;;;136986.3;aquisição de um caminhão transportador de matéria-prima para o município de são pedro do piauí-pi.
30316;2020-03-06 19:03:42.717;;1061163;48;530122018;2018;879188;2018;7142;GIGOV/TE;MUNICIPIO DE SAO GONCALO DO PIAUI;PI;MINISTERIO DA AGRICULTURA, PECUARIA E ABASTECIMENTO;PI nº 424/2016;Nível IV – Máquinas e equipamentos (Regime Simplificado);CONTRATADA;;0;0;2021-12-31 11:31:12.000;;;;185909.98;aquisição de equipamentos agrícolas para o município de são gonçalo do piauí-pi.
30323;2020-03-06 19:03:42.717;;1061170;98;538222018;2018;877767;2018;7142;GIGOV/TE;MUNICIPIO DE AROAZES;PI;MINISTERIO DA AGRICULTURA, PECUARIA E ABASTECIMENTO;PI nº 424/2016;Nível IV – Máquinas e equipamentos (Regime Simplificado);CONTRATADA;;0;0;2021-08-31 11:31:12.000;;;;166340.51;aquisição de trator e implementos agrícolas para o município de aroazes-pi.
30327;2020-03-06 19:03:42.717;;1061174;78;562002018;2018;879189;2018;7142;GIGOV/TE;MUNICIPIO DE CURRALINHOS;PI;MINISTERIO DA AGRICULTURA, PECUARIA E ABASTECIMENTO;PI nº 424/2016;Nível IV – Máquinas e equipamentos (Regime Simplificado);CONTRATADA;;0;0;2021-12-28 11:31:12.000;;;;136986.3;aquisição de 01 (uma) patrulha agrícola mecanizada para município de curralinhos  pi.
30342;2020-03-06 19:03:42.717;;1061189;99;537712018;2018;879590;2018;7142;GIGOV/TE;MUNICIPIO DE NOVA SANTA RITA;PI;MINISTERIO DA AGRICULTURA, PECUARIA E ABASTECIMENTO;PI nº 424/2016;Nível IV – Máquinas e equipamentos (Regime Simplificado);CONTRATADA;;0;0;2021-12-26 11:31:12.000;;;;166340.51;aquisição de trator e implementos agrícolas para o município de nova santa rita-pi.
35047;2020-03-06 19:03:42.717;;1061229;59;395462018;2018;882164;2018;7142;GIGOV/TE;MUNICIPIO DE JOAQUIM PIRES;PI;MINISTERIO DO DESENVOLVIMENTO REGIONAL;PI nº 424/2016;Nível I – Obras e serviços de engenharia (Regime Simplificado);CONTRATADA;SUSPENSIVA;0;0;2021-12-31 11:31:12.000;;;;222857.14;pavimentação de vias publicas no  municipio de joaquim pires
35048;2020-03-06 19:03:42.717;;1061230;76;398672018;2018;876610;2018;7142;GIGOV/TE;MUNICIPIO DE SANTA LUZ;PI;MINISTERIO DO DESENVOLVIMENTO REGIONAL;PI nº 424/2016;Nível I – Obras e serviços de engenharia (Regime Simplificado);CONTRATADA;SUSPENSIVA;0;0;2021-12-06 11:31:12.000;;;;460952.38;pavimentação de vias públicas no município de santa luz-pi.
35051;2020-03-06 19:03:42.717;;1061233;30;465692018;2018;880464;2018;7142;GIGOV/TE;MUNICIPIO DE DOM EXPEDITO LOPES;PI;MINISTERIO DAS CIDADES;PI nº 424/2016;Nível II – Obras serviços de engenharia;EXTINTA;;0;0;;;;;911877.39;PAVIMENTAÇÃO ASFALTICA NO MUNICIPIO DE DOM EXPEDITO LOPES
35142;2020-03-06 19:03:42.717;;1061324;67;336072018;2018;877700;2018;7142;GIGOV/TE;MUNICIPIO DE BAIXA GRANDE DO RIBEIRO;PI;MINISTERIO DA CIDADANIA;PI nº 424/2016;Nível I – Obras e serviços de engenharia (Regime Simplificado);CONTRATADA;SUSPENSIVA;0;0;2021-10-16 11:31:12.000;;;;460952.38;construção de ginásio poliesportivo no município de baixa grande do ribeiro-pi..
35144;2020-03-06 19:03:42.717;;1061326;18;345322018;2018;877702;2018;7142;GIGOV/TE;MUNICIPIO DE FRANCINOPOLIS;PI;MINISTERIO DA CIDADANIA;PI nº 424/2016;Nível I – Obras e serviços de engenharia (Regime Simplificado);CONTRATADA;SUSPENSIVA;0;0;2021-12-21 11:31:12.000;;;;460952.38;construção de campo society, no município de francinópolis - pi.
35155;2020-03-06 19:03:42.717;;1061337;47;397002018;2018;877703;2018;7142;GIGOV/TE;MUNICIPIO DE JOAO COSTA;PI;MINISTERIO DO ESPORTE;PI nº 424/2016;Nível I – Obras e serviços de engenharia (Regime Simplificado);CONTRATADA;;0;0;2021-11-26 11:31:12.000;2019-12-18 11:31:12.000;2019-12-18 11:31:12.000;;460952.38;ampliação do estádio de futebol no município de joão costa - pi
35222;2020-03-06 19:03:42.717;;1061404;64;577172018;2018;877704;2018;7142;GIGOV/TE;FUNDACAO DOS ESPORTES DO PIAUI;PI;MINISTERIO DA CIDADANIA;PI nº 424/2016;Nível I – Obras e serviços de engenharia (Regime Simplificado);CONTRATADA;SUSPENSIVA;0;0;2021-11-21 11:31:12.000;;;;460952.38;construção de uma quadra poliesportiva coberta no município de rio grande do piauí.
35259;2020-03-06 19:03:42.717;;1061441;44;397462018;2018;881088;2018;7142;GIGOV/TE;MUNICIPIO DE SAO MIGUEL DO FIDALGO;PI;MINISTERIO DO DESENVOLVIMENTO REGIONAL;PI nº 424/2016;Nível I – Obras e serviços de engenharia (Regime Simplificado);CONTRATADA;;0;0;2021-12-17 11:31:12.000;;;;460952.38;pavimentação de vias públicas no município de são miguel do fidalgo-pi.
35261;2020-03-06 19:03:42.717;;1061443;85;398802018;2018;882166;2018;7142;GIGOV/TE;MUNICIPIO DE SUSSUAPARA;PI;MINISTERIO DO DESENVOLVIMENTO REGIONAL;PI nº 424/2016;Nível I – Obras e serviços de engenharia (Regime Simplificado);CONTRATADA;SUSPENSIVA;0;0;2021-12-31 11:31:12.000;;;;460952.38;pavimentação de vias públicas no município de sussuapara  pi.
35264;2020-03-06 19:03:42.717;;1061446;52;401322018;2018;882165;2018;7142;GIGOV/TE;MUNICIPIO DE DOM EXPEDITO LOPES;PI;MINISTERIO DAS CIDADES;PI nº 424/2016;Nível I – Obras e serviços de engenharia (Regime Simplificado);EXTINTA;;0;0;;;;;456352.38;PAVIMENTAÇÃO DE VIAS PÚBLICAS NO MUNICÍPIO DE DOM EXPEDITO LOPES- PI.
35309;2020-03-06 19:03:42.717;;1061491;96;537722018;2018;878750;2018;7142;GIGOV/TE;MUNICIPIO DE FLORES DO PIAUI;PI;MINISTERIO DA AGRICULTURA, PECUARIA E ABASTECIMENTO;PI nº 424/2016;Nível IV – Máquinas e equipamentos (Regime Simplificado);CONTRATADA;;0;0;2021-12-31 11:31:12.000;;;;166340.51;aquisição de trator e implementos agrícolas para o município de flores do piauí-pi.
35322;2020-03-06 19:03:42.717;;1061504;91;561222018;2018;878745;2018;7142;GIGOV/TE;MUNICIPIO DE MURICI DOS PORTELAS;PI;MINISTERIO DA AGRICULTURA, PECUARIA E ABASTECIMENTO;PI nº 424/2016;Nível I – Obras e serviços de engenharia (Regime Simplificado);EXTINTA;;0;0;;;;;136986.3;AQUISIÇÃO DE UM TRATOR COM IMPLEMENTOS AGRÍCOLAS, PARA O MUNICÍPIO DE MURICI DOS PORTELAS ¿ PI.
35376;2020-03-06 19:03:42.717;;1061558;33;590802018;2018;881630;2018;7142;GIGOV/TE;MUNICIPIO DE VARZEA GRANDE;PI;MINISTERIO DA AGRICULTURA, PECUARIA E ABASTECIMENTO;PI nº 424/2016;Nível II – Obras serviços de engenharia;CONTRATADA;;0;0;2021-12-07 11:31:12.000;;;;806513.41;adequação de estradas no município de várzea grande - pi.
35380;2020-03-06 19:03:42.717;;1061562;15;592312018;2018;878107;2018;7142;GIGOV/TE;FUNDACAO DOS ESPORTES DO PIAUI;PI;MINISTERIO DA CIDADANIA;PI nº 424/2016;Nível II – Obras serviços de engenharia;CONTRATADA;SUSPENSIVA;0;0;2021-11-21 11:31:12.000;;;;2826245.21;construção de estádios de futebol e de quadras poliesportivas cobertas em diversos municípios piauienses.
35725;2020-03-06 19:03:42.717;;1061909;88;555672018;2018;880979;2018;7142;GIGOV/TE;MUNICIPIO DE MARCOS PARENTE;PI;MINISTERIO DA AGRICULTURA, PECUARIA E ABASTECIMENTO;PI nº 424/2016;Nível I – Obras e serviços de engenharia (Regime Simplificado);EXTINTA;;0;0;;;;;136986.3;Aquisição de Trator e implementos agrícolas para o município de Marcos Parente-PI.
35768;2020-03-06 19:03:42.717;;1061952;82;579932018;2018;878465;2018;7142;GIGOV/TE;MUNICIPIO DE JUREMA;PI;MINISTERIO DO TURISMO;PI nº 424/2016;Nível II – Obras serviços de engenharia;CONTRATADA;;0;20.07;2021-10-16 11:31:12.000;2019-12-10 11:31:12.000;2019-11-18 11:31:12.000;2019-12-13 11:31:12.000;1390804.6;apoio a projeto de infraestrutura turística - reforma e pavimentação de acesso às praças no município de jurema / pi
35883;2020-03-06 19:03:42.717;;1062067;29;617602018;2018;879634;2018;7142;GIGOV/TE;MUNICIPIO DE SANTA CRUZ DO PIAUI;PI;MINISTERIO DA CIDADANIA;PI nº 424/2016;Nível I – Obras e serviços de engenharia (Regime Simplificado);CONTRATADA;SUSPENSIVA;0;0;2021-11-21 11:31:12.000;;;;222857.14;reforma e ampliação do estádio de futebol do município de santa cruz do piauí - pi.
35884;2020-03-06 19:03:42.717;;1062068;44;617632018;2018;879635;2018;7142;GIGOV/TE;MUNICIPIO DE SIMPLICIO MENDES;PI;MINISTERIO DA CIDADANIA;PI nº 424/2016;Nível I – Obras e serviços de engenharia (Regime Simplificado);CONTRATADA;SUSPENSIVA;0;0;2021-12-27 11:31:12.000;;;;365714.29;construção de 01 (uma) quadra poliesportiva no município de simplício mendes-pi.
35885;2020-03-06 19:03:42.717;;1062069;60;617712018;2018;879633;2018;7142;GIGOV/TE;MUNICIPIO DE NOVO SANTO ANTONIO;PI;MINISTERIO DA CIDADANIA;PI nº 424/2016;Nível I – Obras e serviços de engenharia (Regime Simplificado);CONTRATADA;SUSPENSIVA;0;0;2021-12-28 11:31:12.000;;;;365714.29;construção de quadra poliesportiva no município de novo santo antônio - pi
35886;2020-03-06 19:03:42.717;;1062070;87;618092018;2018;879631;2018;7142;GIGOV/TE;MUNICIPIO DE JOAQUIM PIRES;PI;MINISTERIO DA CIDADANIA;PI nº 424/2016;Nível I – Obras e serviços de engenharia (Regime Simplificado);CONTRATADA;SUSPENSIVA;0;0;2021-12-12 11:31:12.000;;;;365714.29;construção de uma quadra de esportes para o município de joaquim pires-pi.
35887;2020-03-06 19:03:42.717;;1062071;1;618232018;2018;879629;2018;7142;GIGOV/TE;MUNICIPIO DE ITAUEIRA;PI;MINISTERIO DA CIDADANIA;PI nº 424/2016;Nível I – Obras e serviços de engenharia (Regime Simplificado);CONTRATADA;SUSPENSIVA;0;0;2021-12-20 11:31:12.000;;;;365714.29;construção de uma quadra de esportes no município de itaueira-pi.
35888;2020-03-06 19:03:42.717;;1062072;26;618322018;2018;879632;2018;7142;GIGOV/TE;MUNICIPIO DE LAGOINHA DO PIAUI;PI;MINISTERIO DA CIDADANIA;PI nº 424/2016;Nível I – Obras e serviços de engenharia (Regime Simplificado);CONTRATADA;SUSPENSIVA;0;0;2021-12-31 11:31:12.000;;;;365714.29;construção de quadra poliesportiva coberta no município de lagoinha do piaui-pi.
35891;2020-03-06 19:03:42.717;;1062075;94;614022018;2018;879645;2018;7142;GIGOV/TE;MUNICIPIO DE JUREMA;PI;MINISTERIO DA AGRICULTURA, PECUARIA E ABASTECIMENTO;PI nº 424/2016;Nível II – Obras serviços de engenharia;CONTRATADA;;0;0;2021-11-20 11:31:12.000;;2019-08-08 11:31:12.000;;987164.75;adequação de estradas vicinais no município de jurema-pi.
35897;2020-03-06 19:03:42.717;;1062081;15;586402018;2018;878466;2018;7142;GIGOV/TE;MUNICIPIO DE AVELINO LOPES;PI;MINISTERIO DO TURISMO;PI nº 424/2016;Nível II – Obras serviços de engenharia;CONTRATADA;;0;0;2021-11-16 11:31:12.000;;2019-12-17 11:31:12.000;2019-12-27 11:31:12.000;4168582.38;apoio a projeto de infraestrutura turística - pavimentação de acesso as praças e ao parque no município de avelino lopes - pi
35899;2020-03-06 19:03:42.717;;1062083;56;619662018;2018;879734;2018;7142;GIGOV/TE;FUNDACAO DOS ESPORTES DO PIAUI;PI;MINISTERIO DA CIDADANIA;PI nº 424/2016;Nível I – Obras e serviços de engenharia (Regime Simplificado);CONTRATADA;SUSPENSIVA;0;0;2021-11-21 11:31:12.000;;;;556190.48;construção de um estádio de futebol no município de bertolínia-  piauí.
35900;2020-03-06 19:03:42.717;;1062084;71;619682018;2018;879735;2018;7142;GIGOV/TE;FUNDACAO DOS ESPORTES DO PIAUI;PI;MINISTERIO DA CIDADANIA;PI nº 424/2016;Nível I – Obras e serviços de engenharia (Regime Simplificado);CONTRATADA;SUSPENSIVA;0;0;2021-11-20 11:31:12.000;;;;413333.33;construção de um campo de futebol no município de palmeirais- piauí.
35901;2020-03-06 19:03:42.717;;1062085;7;620432018;2018;879733;2018;7142;GIGOV/TE;FUNDACAO DOS ESPORTES DO PIAUI;PI;MINISTERIO DA CIDADANIA;PI nº 424/2016;Nível I – Obras e serviços de engenharia (Regime Simplificado);CONTRATADA;SUSPENSIVA;0;0;2021-11-20 11:31:12.000;;;;318095.24;construção de um campo de futebol no município de cristalândia-pi.
39867;2020-03-06 19:03:42.717;;1062319;74;592792018;2018;881084;2018;7142;GIGOV/TE;MUNICIPIO DE NOVA SANTA RITA;PI;MINISTERIO DO DESENVOLVIMENTO REGIONAL;PI nº 424/2016;Nível I – Obras e serviços de engenharia (Regime Simplificado);CONTRATADA;;0;0;2021-12-13 11:31:12.000;2019-07-23 11:31:12.000;2019-08-13 11:31:12.000;;222857.14;construção de praça no município de nova santa rita-pi.
39939;2020-03-06 19:03:42.717;;1062391;85;260262018;2018;882120;2018;7142;GIGOV/TE;MUNICIPIO DE JUREMA;PI;MINISTERIO DA AGRICULTURA, PECUARIA E ABASTECIMENTO;PI nº 424/2016;Nível II – Obras serviços de engenharia;CONTRATADA;;0;0;2021-12-28 11:31:12.000;;2019-11-18 11:31:12.000;;911877.39;adequação de estradas vicinais no município de jurema-pi.
39967;2020-03-06 19:03:42.717;;1062419;99;482182018;2018;881267;2018;7142;GIGOV/TE;MUNICIPIO DE PASSAGEM FRANCA DO PIAUI;PI;MINISTERIO DA AGRICULTURA, PECUARIA E ABASTECIMENTO;PI nº 424/2016;Nível IV – Máquinas e equipamentos (Regime Simplificado);EXTINTA;;0;0;;;;;149850;AQUISIÇÃO DE PATRULHA AGRÍCOLA MECANIZADA PARA O MUNICÍPIO DE PASSAGEM FRANCA DO PIAUÍ.
40063;2020-03-06 19:03:42.717;;1062515;45;598062018;2018;882121;2018;7142;GIGOV/TE;MUNICIPIO DE JUREMA;PI;MINISTERIO DA AGRICULTURA, PECUARIA E ABASTECIMENTO;PI nº 424/2016;Nível II – Obras serviços de engenharia;CONTRATADA;;0;0;2021-12-28 11:31:12.000;;2019-11-18 11:31:12.000;;1390804.6;adequação de estradas vicinais no município de jurema-pi.
40067;2020-03-06 19:03:42.717;;1062519;25;598322018;2018;882118;2018;7142;GIGOV/TE;MUNICIPIO DE AVELINO LOPES;PI;MINISTERIO DA AGRICULTURA, PECUARIA E ABASTECIMENTO;PI nº 424/2016;Nível II – Obras serviços de engenharia;CONTRATADA;;0;0;2021-12-26 11:31:12.000;;;;3785440.61;construção de estradas vicinais no município de avelino lopes-pi
40081;2020-03-06 19:03:42.717;;1062533;11;607472018;2018;881820;2018;7142;GIGOV/TE;MUNICIPIO DE SAO MIGUEL DO TAPUIO;PI;MINISTERIO DA AGRICULTURA, PECUARIA E ABASTECIMENTO;PI nº 424/2016;Nível I – Obras e serviços de engenharia (Regime Simplificado);EXTINTA;;0;0;;;;;185909.98;AQUISIÇÃO DE MÁQUINA AGRÍCOLA PARA O MUNICÍPIO DE SÃO MIGUEL DO TAPUIO-PI.
40082;2020-03-06 19:03:42.717;;1062534;36;607792018;2018;882168;2018;7142;GIGOV/TE;MUNICIPIO DE BURITI DOS MONTES;PI;MINISTERIO DO DESENVOLVIMENTO REGIONAL;PI nº 424/2016;Nível I – Obras e serviços de engenharia (Regime Simplificado);CONTRATADA;SUSPENSIVA;0;0;2021-12-28 11:31:12.000;;;;222857.14;pavimentação de vias públicas no município de buriti dos montes-pi.
40086;2020-03-06 19:03:42.717;;1062538;28;615782018;2018;882111;2018;7142;GIGOV/TE;MUNICIPIO DE PICOS;PI;MINISTERIO DA AGRICULTURA, PECUARIA E ABASTECIMENTO;PI nº 424/2016;Nível IV – Máquinas e equipamentos (Regime Simplificado);CONTRATADA;LIMINAR;0;0;2021-10-30 11:31:12.000;;;;164970.65;aquisição de máquina e equipamento agrícolas destinados ao município de picos  pi.
40247;2020-03-06 19:03:42.717;;1062708;36;100112018;2018;882069;2018;7142;GIGOV/TE;MUNICIPIO DE AVELINO LOPES;PI;MINISTERIO DA AGRICULTURA, PECUARIA E ABASTECIMENTO;PI nº 424/2016;Nível II – Obras serviços de engenharia;CONTRATADA;;0;0;2021-12-26 11:31:12.000;;;;1390804.6;adequação de estradas vicinais no município de avelino lopes  pi.
40387;2020-03-06 19:03:42.717;;1062848;98;642462018;2018;882105;2018;7142;GIGOV/TE;MUNICIPIO DE PICOS;PI;MINISTERIO DA AGRICULTURA, PECUARIA E ABASTECIMENTO;PI nº 424/2016;Nível II – Obras serviços de engenharia;CONTRATADA;SUSPENSIVA E LIMINAR;0;0;2022-05-31 11:31:12.000;;;;2347259;adequação de estradas vicinais no município de picos  pi.
178360;2020-03-06 19:03:42.717;;323902;33;0;0;666748;2010;7142;GIGOV/TE;MUNICIPIO DE CAMPO MAIOR - PI;PI;MINISTERIO DAS CIDADES;PAC;N/A;CONTRATADA;TCE EM INSTAURAÇÃO;61.51;61.51;2018-12-31 11:31:12.000;2012-04-11 11:31:12.000;;2012-07-11 11:31:12.000;7586026.94;"Micro e Macro Drenagem na Bacia do Rio Surubim                                                                          "
225940;2020-03-06 19:03:42.717;;1047255;14;974562017;2017;863015;2017;7142;GIGOV/TE;MUNICIPIO DE BOM JESUS;PI;MINISTERIO DO ESPORTE;PI nº 424/2016;Nível I – Obras e serviços de engenharia (Regime Simplificado);CONTRATADA;;0;0;2021-06-30 11:31:12.000;;2019-11-13 11:31:12.000;;487500;construção de quadra de esportes para o município de bom jesus-pi
226266;2020-03-06 19:03:42.717;;1047581;21;1004552017;2017;863680;2017;7142;GIGOV/TE;FUNDACAO DOS ESPORTES DO PIAUI;PI;MINISTERIO DO ESPORTE;PI nº 424/2016;Nível I – Obras e serviços de engenharia (Regime Simplificado);CONTRATADA;;0;0;2021-06-30 11:31:12.000;;2019-11-14 11:31:12.000;;487500;construção e uma quadra poliesportiva coberta no povoado são domingos zona rural do município de isaías coelho - pi
228622;2020-03-06 19:03:42.717;;1048074;70;1038522017;2017;862626;2017;7142;GIGOV/TE;FUNDACAO DOS ESPORTES DO PIAUI;PI;MINISTERIO DA CIDADANIA;PI nº 424/2016;Nível II – Obras serviços de engenharia;CONTRATADA;;0;0;2021-06-30 11:31:12.000;;2019-11-14 11:31:12.000;2019-11-14 11:31:12.000;4875000;construção, ampliação, reforma, modernização da infraestrutura esportiva em diversos municípios piauienses.
245093;2020-03-06 19:03:42.717;;1054762;63;259362018;2018;876624;2018;7142;GIGOV/TE;MUNICIPIO DE SAO PEDRO DO PIAUI;PI;MINISTERIO DO DESENVOLVIMENTO REGIONAL;PI nº 424/2016;Nível II – Obras serviços de engenharia;CONTRATADA;;0;0;2021-12-14 11:31:12.000;2019-10-01 11:31:12.000;2020-02-18 11:31:12.000;;1462500;construção de uma praça de eventos no município de são pedro do piauí-pi.